date	temperature	sports_drink	soda	bottled_water	fruit_juice
2014/4/1	13.9	2.263703264	1.479171948	2.286655409	2.78874573
2014/4/2	15.2	1.697736784	1.039873798	1.607946622	1.855178859
2014/4/3	13.8	1.407450232	0.965123044	1.304827974	1.753766695
2014/4/4	15.3	1.209597579	0.827481296	1.076016178	1.531756441
2014/4/5	11.4	1.206834124	0.755487783	1.012055299	1.354133568
2014/4/6	9	1.124408072	0.700972397	0.983902958	1.258334307
2014/4/7	11.4	1.101149071	0.681183309	0.973073715	1.239760948
2014/4/8	15.8	1.205052292	0.803442808	1.147940784	1.428015449
2014/4/9	15.5	1.266404062	0.842894707	1.154127954	1.536702369
2014/4/10	16.1	1.315317218	0.868774511	1.200240875	1.532556408
2014/4/11	12.9	1.37558223	0.842883209	1.226854871	1.492424515
2014/4/12	14.6	1.356126754	0.892260227	1.149650581	1.389678771
2014/4/13	14.4	1.210045226	0.878404042	1.154434624	1.430035091
2014/4/14	14	1.172797272	0.816952371	1.157413973	1.321572371
2014/4/15	16.3	1.217102707	0.857046867	1.197671454	1.498403648
2014/4/16	18.7	1.291887513	0.902076538	1.223445297	1.618246716
2014/4/17	17.7	1.334888505	0.941751246	1.23637251	1.56314176
2014/4/18	11.8	1.260976333	0.927195845	1.169506012	1.433699047
2014/4/19	11.7	0.878125381	0.745151887	0.950374363	1.126208715
2014/4/20	11	0.876782056	0.739899136	0.991557217	1.128045885
2014/4/21	13.4	0.876944379	0.750043024	1.007186769	1.159435257
2014/4/22	15.2	0.937007352	0.885442499	1.101301673	1.262923296
2014/4/23	16.2	0.959136831	0.921620616	1.121703476	1.310578093
2014/4/24	16.6	1.072424898	1.03633381	1.225178208	1.485467526
2014/4/25	17.8	1.164902717	1.048659212	1.254675397	1.560165686
2014/4/26	18.2	1.21324915	1.137599468	1.211054145	1.696104041
2014/4/27	18.1	1.15337215	1.044147639	1.166646953	1.506658762
2014/4/28	18.6	1.093820963	1.01533159	1.12949051	1.499730794
2014/4/29	17.8	0.974241703	1.035964396	1.098026123	1.483667076
2014/4/30	16.7	0.926768411	0.976764386	1.096017128	1.40858714
2014/5/1	20.6	0.877366043	0.954305933	1.144310769	1.435656322
2014/5/2	21	1.053984131	1.133704659	1.198948841	1.585565044
2014/5/3	21.3	1.313501805	1.311978948	1.207387367	1.902789348
2014/5/4	18.6	1.190811987	1.145590993	1.09462871	1.631782669
2014/5/5	18.1	1.118804496	1.081759893	1.02713436	1.515264969
2014/5/6	14.3	0.958767063	0.937416367	0.940014098	1.34297572
2014/5/7	16.5	1.002404082	0.930451314	0.957923483	1.311623184
2014/5/8	18.7	1.115068109	1.077730207	1.088001534	1.454024493
2014/5/9	19.3	1.188835413	1.090276273	1.146635731	1.497978257
2014/5/10	19.8	1.276564298	1.253089004	1.192606274	1.613178725
2014/5/11	20.6	1.273787207	1.256393766	1.197311221	1.599017764
2014/5/12	19.6	1.21794233	1.216596753	1.198501981	1.52039402
2014/5/13	19.3	1.130594973	1.236242223	1.131488083	1.513343442
2014/5/14	21.9	1.13458738	1.254865831	1.157402681	1.476120794
2014/5/15	19.9	1.302098883	1.406059978	1.250574503	1.656217709
2014/5/16	21.5	1.401496607	1.397286851	1.268879654	1.596816189
2014/5/17	21.1	1.512683417	1.509889747	1.367518044	1.769347104
2014/5/18	20.5	1.453321156	1.471809917	1.37344316	1.682353618
2014/5/19	21.1	1.543841899	1.499844629	1.436101338	1.764563263
2014/5/20	21.7	1.370110939	1.439437962	1.327846828	1.752732392
2014/5/21	17.5	1.304873333	1.392885254	1.218067413	1.648423093
2014/5/22	18.6	1.213525525	1.219827804	1.215913062	1.451647351
2014/5/23	17.8	1.280126076	1.22154008	1.179567851	1.463905314
2014/5/24	20.6	1.288801565	1.284191201	1.232090931	1.611872764
2014/5/25	22.7	1.35895204	1.333486021	1.281326435	1.611026927
2014/5/26	21.3	1.361897837	1.330787861	1.269946342	1.674303656
2014/5/27	21.4	1.519859375	1.449123246	1.336249528	1.738912777
2014/5/28	22.7	1.533788676	1.473106843	1.457031916	1.789477642
2014/5/29	23.1	1.776311333	1.696599736	1.651233241	1.975511306
2014/5/30	24.1	1.884634274	1.719710841	1.707291673	2.072631647
2014/5/31	25.6	2.209682607	1.805238093	1.729646263	2.194706849
2014/6/1	26.6	2.147022514	1.784127222	1.762461729	2.118983807
2014/6/2	25.5	2.309354012	1.82993127	1.797928749	2.242965134
2014/6/3	24	2.178463847	1.654681143	1.77313208	2.157334904
2014/6/4	24.3	2.049432117	1.637160462	1.610961262	1.989584216
2014/6/5	21.2	1.685234061	1.432531802	1.451776514	1.738624878
2014/6/6	19.9	1.44128465	1.234816943	1.231127522	1.561276452
2014/6/7	18.4	1.073834857	0.961645135	1.050929689	1.262274683
2014/6/8	20.5	1.041096501	0.93494541	1.015563583	1.241573693
2014/6/9	22.9	1.101385187	0.974850612	1.074259645	1.443423479
2014/6/10	23.5	1.612387165	1.295435969	1.347320778	1.754268231
2014/6/11	22.2	1.415557802	1.327304667	1.368863024	1.690755916
2014/6/12	22	1.307627748	1.271280471	1.246443878	1.581141188
2014/6/13	24.9	1.526506691	1.329417445	1.361074842	1.733469384
2014/6/14	24.7	2.011105546	1.677356707	1.556600459	2.068606244
2014/6/15	24.4	1.983051382	1.682981435	1.538215878	2.010313424
2014/6/16	25	1.853298525	1.574198291	1.485709675	1.970906199
2014/6/17	24.3	1.952480869	1.536417693	1.543178826	2.010853253
2014/6/18	23.2	2.005306091	1.565362432	1.513180169	1.949719367
2014/6/19	24.8	1.945646849	1.518718811	1.567174174	1.943877538
2014/6/20	24.6	1.966463322	1.545329299	1.505650982	2.085957329
2014/6/21	24.6	1.846906447	1.514347856	1.35478828	1.801932342
2014/6/22	22.5	1.817069059	1.525587187	1.374285249	1.747866804
2014/6/23	24.2	1.590614649	1.312986215	1.313111918	1.643035152
2014/6/24	22.6	1.719020538	1.449692929	1.446132078	1.835564143
2014/6/25	22.6	1.585553229	1.367875571	1.418808727	1.660200508
2014/6/26	23.6	1.699739227	1.462240351	1.486453916	1.731788761
2014/6/27	23.9	1.756493188	1.473117537	1.540061724	1.881691097
2014/6/28	22.8	1.640757428	1.357919547	1.330587195	1.747906337
2014/6/29	23.3	1.561542541	1.286484484	1.25802658	1.633306164
2014/6/30	23.6	1.472242957	1.258514656	1.291968033	1.622093334
2014/7/1	25.3	1.76599109	1.503544309	1.447043032	1.764335541
2014/7/2	25.8	1.846473143	1.634538655	1.532963736	1.907852289
2014/7/3	24.8	1.958057338	1.625007056	1.611816054	1.876922696
2014/7/4	21.6	1.782948359	1.449051856	1.502351975	1.774048247
2014/7/5	22	1.501446883	1.188618408	1.302528022	1.620594664
2014/7/6	24.2	1.489237946	1.231223705	1.327773094	1.58576145
2014/7/7	23.4	1.522913133	1.217815583	1.350611469	1.695400879
2014/7/8	26.8	1.702440943	1.324153337	1.439457585	1.841540328
2014/7/9	24.2	1.804782248	1.512768476	1.53757621	1.945218092
2014/7/10	26.6	1.873876842	1.472994054	1.547406046	1.823433697
2014/7/11	28.5	2.128841909	1.526531338	1.617870916	1.888680969
2014/7/12	29.2	2.509138693	1.652643929	1.673884825	2.173123215
2014/7/13	26.9	2.31979057	1.677041843	1.716367139	2.173626577
2014/7/14	28.5	2.306582642	1.544823872	1.632948131	1.991153819
2014/7/15	28.2	2.555756141	1.85496343	1.781929422	2.174627842
2014/7/16	28	2.654206293	1.865469809	1.833609527	2.254021089
2014/7/17	27.1	2.647371055	1.839539151	1.864748631	2.140984398
2014/7/18	24.9	2.07432105	1.69950746	1.579063826	1.994055339
2014/7/19	23.8	1.90691195	1.485478844	1.5084614	1.86832418
2014/7/20	24.5	1.703587829	1.364614779	1.324009431	1.763870213
2014/7/21	25	1.706606411	1.358246012	1.342289194	1.71359201
2014/7/22	27.7	2.075762161	1.451012375	1.610768726	1.907005815
2014/7/23	29.4	2.573536236	1.65327395	1.758957596	2.24543182
2014/7/24	29.9	2.839469696	1.921707408	1.885042828	2.336162106
2014/7/25	30.5	3.117931547	2.011230144	1.900738532	2.391393661
2014/7/26	30.5	2.983054756	1.981585573	1.930444177	2.559881359
2014/7/27	30.1	2.776008783	1.894834189	1.853145013	2.363950703
2014/7/28	27.7	2.516080796	1.751435442	1.736209687	2.135746571
2014/7/29	27.6	2.580857291	1.837654815	1.943365927	2.296948626
2014/7/30	27.9	2.613410315	1.851640029	1.901473171	2.258897233
2014/7/31	29.5	2.698240628	1.920912894	1.927261273	2.420330619
2014/8/1	29.8	3.070525507	2.076974567	1.931335954	2.521404668
2014/8/2	30.9	3.147524576	2.261778632	2.055129074	2.634002966
2014/8/3	31	2.826919951	2.095023564	1.923250489	2.559481859
2014/8/4	30.5	2.771044924	1.996948588	1.894446808	2.445480824
2014/8/5	31.1	3.081255931	2.030385513	2.052479998	2.64928342
2014/8/6	30.8	3.176190673	2.094077922	2.030343512	2.627366801
2014/8/7	29.7	3.094083785	2.172736228	2.064402828	2.401967061
2014/8/8	29	2.749857539	1.858470329	1.75504764	2.260048913
2014/8/9	25.4	2.163851186	1.584978092	1.546773115	2.092287838
2014/8/10	26.3	1.850042118	1.360579625	1.330560051	1.757024106
2014/8/11	29.4	1.884520564	1.321706721	1.383305143	1.743554221
2014/8/12	26.3	2.11614965	1.481953828	1.531207563	1.966764369
2014/8/13	26.7	1.885349036	1.251084336	1.433685974	1.846692188
2014/8/14	27.1	1.970278169	1.339411774	1.353994415	1.922954319
2014/8/15	29.5	1.963401465	1.357918925	1.380243104	1.807929741
2014/8/16	27	2.176418417	1.503947553	1.571345348	1.924806939
2014/8/17	26.2	1.948487264	1.320991727	1.37420812	1.864290943
2014/8/18	29.1	2.044744292	1.3862108	1.433712778	1.889270338
2014/8/19	30.3	2.555569749	1.756054334	1.690733611	2.237393398
2014/8/20	31.1	2.809668216	1.835647639	1.767457649	2.318483829
2014/8/21	30.5	2.98024948	1.859798302	1.886729745	2.380472203
2014/8/22	30.2	2.914319058	1.852118102	1.815380825	2.476845581
2014/8/23	27.6	2.476533607	1.601702836	1.632878674	2.075865996
2014/8/24	28.4	2.086629205	1.472171573	1.522949902	2.030732526
2014/8/25	27	2.089522463	1.42359788	1.520654102	2.04571341
2014/8/26	25.2	1.85640352	1.343030222	1.445078939	1.880974646
2014/8/27	21.2	1.668936135	1.201695407	1.315032537	1.729423089
2014/8/28	21.1	1.225918606	1.081389831	1.202932282	1.596682686
2014/8/29	23.3	1.104861317	1.040197145	1.150212775	1.524162749
2014/8/30	22.6	1.282090567	1.090123722	1.127962294	1.644055544
2014/8/31	23.2	1.172380003	1.039207231	1.111094973	1.645010567
2014/9/1	21.8	1.15002187	1.030452045	1.111752576	1.449287664
2014/9/2	24.5	1.24750744	1.118723879	1.129618841	1.560397245
2014/9/3	24.1	1.247501538	1.177147014	1.207392312	1.704363671
2014/9/4	25.2	1.483842388	1.312968943	1.331919241	1.747273445
2014/9/5	27.8	1.517632977	1.314464142	1.372805575	1.831607259
2014/9/6	27.3	1.687093125	1.390727719	1.375704646	1.909158485
2014/9/7	21.7	1.472651909	1.199159	1.237965599	1.741585565
2014/9/8	22.1	1.390031008	1.130231021	1.18915567	1.560646349
2014/9/9	23.5	1.281595025	1.144216457	1.202048306	1.631101619
2014/9/10	23.4	1.310161733	1.193302966	1.286168897	1.651814733
2014/9/11	21.8	1.273400939	1.238941483	1.193087943	1.636051506
2014/9/12	23.5	1.400137415	1.237884296	1.194474284	1.689721234
2014/9/13	23.1	1.509707796	1.310458992	1.274048711	2.008564172
2014/9/14	23.8	1.538512454	1.329723978	1.252499059	1.975212122
2014/9/15	24.1	1.296656659	1.154556876	1.111948545	1.672319078
2014/9/16	25.1	1.282601251	1.212950014	1.187440734	1.680449569
2014/9/17	23.3	1.365015788	1.311257845	1.294233246	1.743734831
2014/9/18	22.3	1.199231669	1.284848889	1.193349807	1.671803226
2014/9/19	22.3	1.181074472	1.211948754	1.231986248	1.576951841
2014/9/20	20.5	1.134429766	1.200430029	1.145819949	1.636947391
2014/9/21	21.3	1.063531976	1.081528102	1.119398155	1.510157786
2014/9/22	22.6	1.051502267	1.112022917	1.156511153	1.620784752
2014/9/23	22.1	1.169203544	1.1256494	1.129654316	1.603109304
2014/9/24	22.4	1.369804256	1.148539239	1.182493405	1.622929465
2014/9/25	24.4	1.262255101	1.221100312	1.184546431	1.604130017
2014/9/26	22.9	1.292694573	1.271130045	1.206686469	1.739482619
2014/9/27	20.2	1.260340004	1.292431549	1.205015761	1.766845388
2014/9/28	21.7	1.266337826	1.214230452	1.181648201	1.709892312
2014/9/29	23.5	1.351132317	1.234445988	1.204226842	1.722494647
2014/9/30	24.7	1.33206439	1.305684367	1.388449808	1.734993578
2014/10/1	21.2	1.310302113	1.354880674	1.278754486	1.813577452
2014/10/2	21.7	1.201041319	1.274257937	1.278739832	1.568308588
2014/10/3	25.7	1.187527574	1.269397877	1.24598412	1.57325028
2014/10/4	24.2	1.254280059	1.309593902	1.248583659	1.704851264
2014/10/5	17.2	1.028055926	1.116499811	1.06293747	1.511520052
2014/10/6	21.3	0.987885952	1.055032749	1.006082764	1.344580739
2014/10/7	20	1.026751385	1.057148257	0.993085333	1.372253514
2014/10/8	20.3	1.057061535	1.088988584	1.09465538	1.527906271
2014/10/9	21	1.093517992	1.220327228	1.238322903	1.516218198
2014/10/10	22.4	1.017842014	1.142180722	1.130371315	1.515753676
2014/10/11	20.3	0.999178567	1.177236823	1.126101959	1.585934957
2014/10/12	18.6	0.873852493	1.069869221	1.02130893	1.471411471
2014/10/13	18.1	0.8313936	1.043413896	0.978039868	1.341895674
2014/10/14	23.1	0.802430173	0.839359842	1.046717405	1.191798951
2014/10/15	15.9	0.832912408	0.894498336	1.119797382	1.236196047
2014/10/16	16.8	0.800933031	0.841173181	1.000337764	1.185216504
2014/10/17	18.4	0.920009988	0.946274661	1.035619017	1.212387734
2014/10/18	17.5	0.994862667	0.980544621	1.121282958	1.303576819
2014/10/19	18.3	0.945344543	1.017382221	1.163897983	1.53833783
2014/10/20	19.4	0.85075237	0.937846168	1.044954083	1.268988123
2014/10/21	19	0.893214855	0.983972882	1.038413816	1.303239689
2014/10/22	16.1	0.848391646	0.879113929	0.976419025	1.155118493
2014/10/23	14.3	0.818785043	0.805671881	0.943556146	1.03562963
2014/10/24	16.7	0.857484789	0.784447392	0.975915781	1.088975912
2014/10/25	18.3	1.087805838	0.90674407	1.18123538	1.292947753
2014/10/26	20.1	1.083106461	0.917398809	1.137225422	1.31346172
2014/10/27	19.3	1.102513528	0.909068905	1.135513325	1.301753721
2014/10/28	15.8	0.936149756	0.877113628	1.091663731	1.117086156
2014/10/29	16.4	0.850090847	0.838338883	1.047682112	1.056646357
2014/10/30	16.8	0.955995736	0.939615106	1.132769611	1.211866509
2014/10/31	18.4	0.841343588	0.94594424	1.17429268	1.314688737
2014/11/1	16.8	0.894744427	0.927142944	1.129147831	1.270718077
2014/11/2	19.5	0.883014618	0.820570145	1.054200275	1.146155207
2014/11/3	18	0.866883126	0.813445553	1.079932911	1.208383584
2014/11/4	16.2	0.807800491	0.790386451	1.102011685	1.250913684
2014/11/5	15.2	0.893742486	0.777460571	1.115791479	1.063102615
2014/11/6	17.7	0.919345206	0.814403258	1.045844633	1.108837538
2014/11/7	17.7	0.881426086	0.828390919	1.017225391	1.10943213
2014/11/8	14.1	0.810210638	0.750809081	0.994228409	1.019214582
2014/11/9	14.9	0.775549189	0.731864645	0.949400989	0.960323975
2014/11/10	17.8	0.800417967	0.729857964	0.9650774	0.913098277
2014/11/11	14.5	0.809107707	0.810388521	1.041097027	1.068239643
2014/11/12	14.1	0.742221798	0.740516186	1.022636698	0.968660522
2014/11/13	15	0.74578655	0.767595765	1.007205404	0.996297224
2014/11/14	12.8	0.860050125	0.724860383	1.0180111	1.046017668
2014/11/15	12.7	0.886291789	0.693458553	1.002589509	0.996509564
2014/11/16	12.5	0.747929554	0.677424701	0.937021371	0.929304363
2014/11/17	12.1	0.728626131	0.692800458	0.916938046	0.944132198
2014/11/18	12.9	0.728550422	0.646438587	0.935109014	0.902488854
2014/11/19	12.1	0.689192612	0.631445144	0.83231743	0.812453686
2014/11/20	9.1	0.697294879	0.627803258	0.864004118	0.826430582
2014/11/21	12.3	0.699616887	0.565370801	0.841401741	0.756116398
2014/11/22	13.8	0.768013608	0.645191909	0.890087194	0.893308591
2014/11/23	14.1	0.770093138	0.674970409	0.87366664	0.902033909
2014/11/24	13.2	0.753364513	0.650578938	0.849842304	0.858814372
2014/11/25	11.1	0.770659698	0.544323149	0.82403885	0.784656699
2014/11/26	9.2	0.650247173	0.498749965	0.783421868	0.667969159
2014/11/27	12.9	0.722955005	0.540371095	0.818516453	0.685881632
2014/11/28	14.1	0.849158479	0.62990937	0.913728302	0.843778166
2014/11/29	13.8	0.837653148	0.702381052	0.963097952	0.863640165
2014/11/30	15.1	0.814027888	0.651436882	0.913865963	0.827177307
2014/12/1	13.5	0.757762601	0.647112362	0.924732602	0.851651281
2014/12/2	10.8	0.659783483	0.608483602	0.905381093	0.804211799
2014/12/3	8.2	0.622303159	0.542423003	0.897666071	0.728717846
2014/12/4	8.8	0.663820791	0.585811908	0.921882379	0.692964806
2014/12/5	8.3	0.678005283	0.500025577	0.863129496	0.69603808
2014/12/6	5.1	0.640352205	0.474702212	0.853310049	0.656283831
2014/12/7	6.2	0.580681819	0.459102306	0.75228096	0.647212789
2014/12/8	6.6	0.608503196	0.449167597	0.747743061	0.639139594
2014/12/9	7.3	0.721767164	0.514288959	0.843919937	0.728798664
2014/12/10	7.3	0.656707579	0.493761685	0.785110078	0.69674198
2014/12/11	9.6	0.664377916	0.535470865	0.846351602	0.720965816
2014/12/12	9.3	0.608633047	0.520743191	0.843271893	0.753382859
2014/12/13	7	0.690047868	0.541528332	0.875773563	0.711895998
2014/12/14	4.8	0.572088638	0.520682592	0.800889098	0.66967116
2014/12/15	5.3	0.545324761	0.50739044	0.79072536	0.627812091
2014/12/16	3.6	0.586918811	0.439699641	0.745662621	0.6103696
2014/12/17	4.3	0.532637223	0.442077498	0.688027494	0.588052772
2014/12/18	4	0.526389203	0.437413432	0.707193046	0.636314621
2014/12/19	5.4	0.516656549	0.453193371	0.732643619	0.644374233
2014/12/20	5.3	0.573355769	0.489071423	0.7653378	0.683218629
2014/12/21	8.6	0.540523016	0.462281209	0.694399886	0.661798352
2014/12/22	7.1	0.549565379	0.469260912	0.710903394	0.724975962
2014/12/23	6.3	0.53023926	0.474669712	0.716610824	0.75583249
2014/12/24	5.9	0.581065366	0.459037775	0.691799871	0.715509237
2014/12/25	6.3	0.662048252	0.500024309	0.764966358	0.699216719
2014/12/26	5.1	0.657252205	0.459001201	0.69288138	0.684732773
2014/12/27	4.6	0.596724569	0.426895316	0.702530657	0.667455183
2014/12/28	3.8	0.566412125	0.421127264	0.6191077	0.595846449
2014/12/29	4.2	0.560683999	0.402177092	0.607715335	0.60647388
2014/12/30	6.6	0.546734338	0.418277025	0.57025745	0.581426034
2014/12/31	8	0.521617435	0.422236843	0.588202695	0.595861668
2015/1/1	3.7	0.406050636	0.351633605	0.494374603	0.545236247
2015/1/2	2.7	0.350668754	0.330339784	0.461299203	0.490953125
2015/1/3	3.8	0.420694685	0.35893383	0.569015117	0.541958962
2015/1/4	4	0.434578224	0.369810612	0.593436531	0.536931755
2015/1/5	6.9	0.450404708	0.371405384	0.581850441	0.585874805
2015/1/6	10.8	0.660833132	0.471651477	0.710463079	0.696564122
2015/1/7	5.6	0.618284578	0.456637139	0.696086136	0.634807726
2015/1/8	6.2	0.616905596	0.436926886	0.683261849	0.615501405
2015/1/9	6.7	0.648612221	0.435962479	0.70244077	0.59174653
2015/1/10	6.3	0.582603187	0.426075218	0.692475245	0.592384517
2015/1/11	6.4	0.577509656	0.433347495	0.673803597	0.592362627
2015/1/12	5.2	0.564364464	0.427645858	0.661269955	0.583741956
2015/1/13	6.6	0.584267354	0.413578869	0.650993701	0.596531845
2015/1/14	6.6	0.59847639	0.434275358	0.714226832	0.628472893
2015/1/15	5.4	0.671561162	0.474676936	0.70694739	0.65174264
2015/1/16	8.9	0.627237009	0.454892268	0.699046581	0.626143636
2015/1/17	5.9	0.602358839	0.465637392	0.730330719	0.635176888
2015/1/18	4.7	0.562891223	0.436556818	0.678284934	0.594731725
2015/1/19	5.7	0.589586292	0.442040938	0.693112782	0.628350861
2015/1/20	6.3	0.626679705	0.45321285	0.742926166	0.686790653
2015/1/21	2.5	0.637282303	0.448429491	0.71232465	0.603372051
2015/1/22	4.6	0.516338312	0.430924287	0.732999167	0.556202516
2015/1/23	6.9	0.550388981	0.437537284	0.681823742	0.57138107
2015/1/24	4.9	0.565691687	0.452021479	0.691846683	0.61452287
2015/1/25	7	0.582276907	0.461647652	0.698399366	0.629117489
2015/1/26	9	0.598125243	0.475319647	0.713146827	0.641992653
2015/1/27	9.8	0.663511575	0.563414559	0.781351652	0.684119811
2015/1/28	5.2	0.660087848	0.555898388	0.733329321	0.727810127
2015/1/29	3.9	0.598366306	0.483075181	0.728323023	0.619814498
2015/1/30	2.2	0.530572639	0.438942263	0.683355256	0.601506826
2015/1/31	4.9	0.524271875	0.388052807	0.62803893	0.518350849
2015/2/1	4	0.482179734	0.39394642	0.63925914	0.517348827
2015/2/2	4.7	0.484261838	0.391926032	0.638896853	0.51307025
2015/2/3	4.7	0.510505969	0.450462699	0.65921263	0.505301541
2015/2/4	5.2	0.54664267	0.459271185	0.67116324	0.551721125
2015/2/5	2.6	0.580550574	0.4336914	0.656289637	0.579721059
2015/2/6	5.4	0.514745702	0.427143212	0.63623555	0.558667577
2015/2/7	5.3	0.531629458	0.444221574	0.68604979	0.545485519
2015/2/8	4	0.529078169	0.416602592	0.595447309	0.596339254
2015/2/9	2	0.503325014	0.407593571	0.585830941	0.55838414
2015/2/10	3.2	0.553858301	0.43226614	0.674102227	0.606022252
2015/2/11	5.6	0.558331098	0.459472842	0.651532483	0.605969907
2015/2/12	7	0.605279888	0.477313559	0.695606306	0.695546679
2015/2/13	5	0.657496531	0.485926721	0.711551769	0.708145457
2015/2/14	4.9	0.567897544	0.452094055	0.69030231	0.661197778
2015/2/15	5.5	0.550460193	0.469172187	0.639903652	0.61823505
2015/2/16	7	0.549533079	0.451316187	0.652093034	0.615700177
2015/2/17	3.9	0.61573527	0.4883945	0.764286424	0.629901484
2015/2/18	3.3	0.546777852	0.463900689	0.739019611	0.636092712
2015/2/19	6.2	0.57052773	0.472082003	0.753555785	0.651179223
2015/2/20	6.3	0.620827582	0.500752984	0.738030783	0.676290086
2015/2/21	6.2	0.674626163	0.515805283	0.789676508	0.670117907
2015/2/22	6.3	0.605629395	0.499176275	0.74472637	0.662323965
2015/2/23	10.7	0.611301332	0.492145696	0.741477597	0.664946318
2015/2/24	9.7	0.65613936	0.609873583	0.916982932	0.823384801
2015/2/25	9.2	0.630577982	0.596274406	0.895218579	0.80972752
2015/2/26	6.6	0.609204506	0.586613429	0.819531931	0.829458695
2015/2/27	8.2	0.5823198	0.581231675	0.776360399	0.760853084
2015/2/28	7.4	0.556387662	0.558674461	0.769576772	0.712797658
2015/3/1	6.9	0.569318928	0.537540444	0.711285601	0.69990845
2015/3/2	9.3	0.552930557	0.532296456	0.738128702	0.661772527
2015/3/3	5.6	0.594203285	0.573668532	0.732911544	0.6702176
2015/3/4	9.6	0.53096687	0.575593635	0.746621486	0.68156108
2015/3/5	9.3	0.702937991	0.65923814	0.763394786	0.786265412
2015/3/6	7.3	0.623491028	0.634805981	0.710229847	0.736871684
2015/3/7	6	0.547453748	0.507551945	0.671306478	0.633277102
2015/3/8	8.2	0.586147222	0.494281108	0.648712299	0.582492891
2015/3/9	9	0.580085085	0.493523754	0.63988745	0.628985441
2015/3/10	7.7	0.603290585	0.518367252	0.653651931	0.643446201
2015/3/11	6.2	0.584978314	0.516868802	0.682589533	0.607972031
2015/3/12	8.6	0.744013447	0.594779139	0.750113297	0.697758373
2015/3/13	8.9	0.683690442	0.613355468	0.693198074	0.831490671
2015/3/14	8.9	0.753133294	0.638262743	0.758776607	0.867603291
2015/3/15	8.4	0.654986292	0.600739513	0.734265157	0.844508822
2015/3/16	11.1	0.676225469	0.595514541	0.745619858	0.86339167
2015/3/17	14.5	0.778944982	0.769483953	0.94983542	1.067126125
2015/3/18	14.8	0.81618571	0.812257347	0.934409136	1.209926933
2015/3/19	11.9	0.818041083	0.800135633	1.079797216	1.105752477
2015/3/20	11.8	0.722232859	0.786913896	0.983767167	1.060349285
2015/3/21	10.5	0.670021891	0.753228054	0.825072256	0.868930612
2015/3/22	12.9	0.681846233	0.743701205	0.825289231	0.92494214
2015/3/23	10.7	0.682415599	0.75398881	0.841811396	0.934829969
2015/3/24	8.2	0.721937495	0.714825969	0.888682317	0.912487982
2015/3/25	8.1	0.694140471	0.712301203	0.870016529	0.893153208
2015/3/26	9.5	0.790833223	0.762304887	0.94807282	0.932983372
2015/3/27	12.3	0.785160388	0.840851232	0.984295058	1.141258593
2015/3/28	14.1	0.864418294	0.905525407	1.062014938	1.242004974
2015/3/29	14.6	0.897487382	0.897667108	1.063050807	1.300044337
2015/3/30	16.2	0.886274614	0.88766537	1.054915092	1.257159987
2015/3/31	16.7	0.855381054	1.027790923	1.206239267	1.36935996
2015/4/1	13.9	0.920859284	0.979355395	1.211229489	1.420895277
2015/4/2	11.6	0.763009595	0.903492816	1.109743561	1.12707243
2015/4/3	17.3	0.673762024	0.847951437	1.034969191	1.138293273
2015/4/4	13.2	0.696919975	0.748372247	0.979115115	0.974663695
2015/4/5	10.3	0.601101705	0.687856869	0.911998073	0.868064445
2015/4/6	16.2	0.616514982	0.6972027	0.907318466	0.889203721
2015/4/7	10	0.68136095	0.716875032	1.040486724	0.966663784
2015/4/8	4.1	0.5676891	0.632953696	0.874591353	0.800119394
2015/4/9	7.4	0.558823653	0.575606359	0.796037408	0.739637959
2015/4/10	8.3	0.529410763	0.602639022	0.842289653	0.805732081
2015/4/11	11.5	0.568285831	0.619819003	0.796936194	0.842635864
2015/4/12	12.9	0.613719305	0.580228722	0.818668675	0.79124598
2015/4/13	9.7	0.586758808	0.573192586	0.81770653	0.81387943
2015/4/14	12.1	0.600839613	0.597825683	0.807483024	0.825585102
2015/4/15	15.4	0.681422863	0.693500991	0.934109558	0.882118786
2015/4/16	15.7	0.836057616	0.838274596	1.106333561	1.056545145
2015/4/17	16.4	0.870639306	0.881230129	1.102301767	1.125987104
2015/4/18	14	0.760495108	0.823479093	1.083621493	1.135260635
2015/4/19	14.3	0.757106708	0.788586307	1.019335173	1.066178588
2015/4/20	18.4	0.75533654	0.78489413	1.01224065	1.044544254
2015/4/21	17.5	0.84754938	0.853279786	1.105305256	1.128530136
2015/4/22	15.7	0.885630048	0.888201174	1.139668879	1.108369917
2015/4/23	18	0.993917812	1.023076347	1.314699906	1.288416343
2015/4/24	18.3	1.109699302	1.090825618	1.391822562	1.476336598
2015/4/25	17.2	1.051694782	1.018946843	1.250398188	1.459681369
2015/4/26	17.8	1.11356963	1.003931859	1.20309949	1.308335595
2015/4/27	19.3	1.144018994	0.997511007	1.223182815	1.260734905
2015/4/28	20.8	1.262943534	1.120035608	1.291967569	1.490007949
2015/4/29	19.4	1.229938402	1.183555198	1.292818213	1.5553738
2015/4/30	19	1.057188876	0.95663029	1.144067503	1.481817142
2015/5/1	20.5	1.166205806	1.040303525	1.155055477	1.603905106
2015/5/2	21	1.261991214	1.162220738	1.312910985	1.784712728
2015/5/3	21.2	1.191054397	1.082939247	1.139067346	1.474731076
2015/5/4	21.6	1.158136748	1.037718548	1.120783063	1.353565303
2015/5/5	18.3	0.97441048	0.861291168	1.00519611	1.266779386
2015/5/6	18.2	0.938343059	0.819991564	0.938841085	1.237784894
2015/5/7	19.1	1.004811462	0.842521196	1.009343906	1.24669312
2015/5/8	20.7	0.996822252	0.956428255	1.139883113	1.30110683
2015/5/9	18.7	1.142429646	1.017787136	1.148687803	1.451277844
2015/5/10	19.7	1.039244748	0.94629029	1.107525198	1.373085685
2015/5/11	17.2	1.061564149	0.932443522	1.12795112	1.318824659
2015/5/12	19.6	1.164566631	1.027136907	1.212557989	1.528144658
2015/5/13	22.5	1.178838787	1.034716237	1.22251245	1.564001237
2015/5/14	23.1	1.42158884	1.236831234	1.453418396	1.732910703
2015/5/15	22.7	1.376319376	1.301390911	1.433157735	1.787663074
2015/5/16	20.9	1.372974445	1.259266885	1.361483775	1.729388762
2015/5/17	22.2	1.227692689	1.178038127	1.289430954	1.613011439
2015/5/18	21.5	1.256761412	1.146027729	1.288700064	1.602113033
2015/5/19	20.2	1.168850341	1.226668617	1.28083213	1.547157518
2015/5/20	22.2	1.245014626	1.198353058	1.30050185	1.602806575
2015/5/21	19.5	1.465480859	1.304740642	1.429923703	1.697011999
2015/5/22	20.5	1.548521073	1.282348832	1.338725134	1.698364127
2015/5/23	21.6	1.430679092	1.226719581	1.337923055	1.616701555
2015/5/24	21	1.330567915	1.151374377	1.288389611	1.512048942
2015/5/25	21.3	1.314744565	1.151762758	1.276498321	1.545445986
2015/5/26	23.3	1.535243795	1.312522183	1.466900092	1.779910938
2015/5/27	23.9	1.750733107	1.400592255	1.613505709	1.85221535
2015/5/28	22.1	1.802584952	1.412032291	1.639772364	1.910450871
2015/5/29	20.7	1.642342006	1.291654772	1.515340309	1.796719788
2015/5/30	23.4	1.563771121	1.242053536	1.446398799	1.746863036
2015/5/31	25.7	1.690393566	1.309903271	1.497062995	1.665193968
2015/6/1	23.6	1.686931269	1.243581053	1.494438368	1.699056906
2015/6/2	23.5	1.598802052	1.271716569	1.48991745	1.716374621
2015/6/3	21.7	1.403036324	1.260664196	1.419498956	1.623353944
2015/6/4	23.1	1.329982543	1.181422469	1.386519608	1.607756432
2015/6/5	18.8	1.369896635	1.157132817	1.263466888	1.570459346
2015/6/6	18	1.185027448	0.997604849	1.166930018	1.332993179
2015/6/7	20.8	1.170093116	0.988134903	1.15872915	1.36347889
2015/6/8	21	1.173785962	1.000641736	1.152759283	1.376787826
2015/6/9	19.5	1.224371522	1.102562835	1.231139838	1.422035405
2015/6/10	22.6	1.270068391	1.088945095	1.288034466	1.452209137
2015/6/11	23	1.474057005	1.314238375	1.454009245	1.770286988
2015/6/12	21.4	1.412836357	1.231189443	1.373596299	1.677321964
2015/6/13	24	1.567336031	1.206968116	1.326024156	1.578630716
2015/6/14	22.5	1.486370789	1.171321445	1.310781684	1.604584968
2015/6/15	24.6	1.524313296	1.134079765	1.375374328	1.591214082
2015/6/16	23.3	1.654868692	1.335749136	1.385550563	1.726641391
2015/6/17	21.6	1.551997243	1.203441087	1.320728521	1.608161821
2015/6/18	21.9	1.419112332	1.259258527	1.319723444	1.582132549
2015/6/19	19.1	1.212467393	1.109433492	1.175930972	1.434946232
2015/6/20	21.7	1.157042421	1.015512518	1.095954784	1.289690879
2015/6/21	20.6	1.196658178	1.026853571	1.145130627	1.380730418
2015/6/22	22.6	1.175534348	0.982079885	1.126050676	1.314590203
2015/6/23	23.4	1.420035309	1.15945411	1.392313645	1.563028558
2015/6/24	23.8	1.514396339	1.206130507	1.431663885	1.563897196
2015/6/25	24.3	1.73879496	1.416666505	1.618021938	1.682875333
2015/6/26	22.4	1.567360506	1.287358117	1.380196386	1.646292577
2015/6/27	22.6	1.32049727	1.094646895	1.17916155	1.49194456
2015/6/28	23.2	1.312897662	1.112317206	1.144478022	1.531997985
2015/6/29	21.6	1.324875655	1.049142469	1.144226763	1.48988591
2015/6/30	22.5	1.272719275	1.149641488	1.231465272	1.561105724
2015/7/1	20.5	0.981246383	0.966507725	1.056694416	1.227868944
2015/7/2	22.5	1.050448796	0.970755033	1.071754785	1.232973384
2015/7/3	21.9	0.919342254	0.876235463	0.956144182	1.067895259
2015/7/4	22.5	0.957075554	0.888889188	0.928037027	1.090448021
2015/7/5	20.1	0.755164459	0.750694712	0.759054007	0.968522852
2015/7/6	19.8	0.710163001	0.716886522	0.800207902	0.929146528
2015/7/7	21.3	0.945575027	0.840458605	0.990312633	1.045708729
2015/7/8	22.4	1.021413055	0.887723865	1.031748569	1.143813164
2015/7/9	19.4	0.944334917	0.835628977	0.938257288	1.091420034
2015/7/10	23.2	1.32878486	1.079198802	1.199918132	1.401214387
2015/7/11	25.9	2.210237298	1.452189106	1.560032389	1.667898196
2015/7/12	27.2	2.304387348	1.430363592	1.567160084	1.680011136
2015/7/13	29.4	2.159358254	1.314845023	1.578147758	1.70207052
2015/7/14	29.9	2.406118404	1.446946503	1.718657579	1.854160789
2015/7/15	28.4	2.373447947	1.462769776	1.751764343	1.852142461
2015/7/16	26.4	1.733254537	1.291295031	1.518415812	1.570609858
2015/7/17	26.7	1.676516348	1.240278697	1.426001808	1.542704373
2015/7/18	27.2	1.912959396	1.3252068	1.441417423	1.627702014
2015/7/19	29.4	2.376636606	1.417368125	1.633671599	1.64140197
2015/7/20	28.8	2.576458144	1.449593576	1.605061001	1.686301967
2015/7/21	29.4	2.582653876	1.42673899	1.691319911	1.763295665
2015/7/22	28.9	2.370618115	1.486517218	1.706066877	1.826614134
2015/7/23	27	2.057130241	1.370685978	1.558688709	1.730938383
2015/7/24	28.1	2.398983923	1.472710866	1.677771608	1.823629354
2015/7/25	28.6	3.1103714	1.583421912	1.939351784	1.95979352
2015/7/26	30.3	2.847114569	1.534155101	1.830170605	1.792874412
2015/7/27	30.4	2.676802327	1.500292451	1.815878293	1.845885642
2015/7/28	29.6	2.718055443	1.543004827	1.783447784	1.919096066
2015/7/29	29.4	2.668815637	1.616261292	1.808484414	1.950676138
2015/7/30	29.1	2.740460815	1.580080017	1.767799241	1.904358341
2015/7/31	30	2.799507894	1.664250338	1.805939197	1.968020576
2015/8/1	30.5	3.384513192	1.66262381	1.997831414	2.118770832
2015/8/2	30.2	2.959889025	1.594590777	1.766495038	1.82813502
2015/8/3	29.8	2.757181518	1.525325676	1.718346514	1.859621043
2015/8/4	30	2.958241755	1.565500035	1.791435929	1.967146416
2015/8/5	30.2	2.9520241	1.582478406	1.90420462	2.032523654
2015/8/6	30.9	2.990802118	1.599303892	1.917253855	2.060828876
2015/8/7	31.5	3.032144427	1.617872083	1.808074132	2.097625903
2015/8/8	27.6	2.542886537	1.458606368	1.613022507	1.836185407
2015/8/9	27.9	2.294123972	1.329905801	1.499119503	1.582801004
2015/8/10	27.9	2.064196647	1.222821287	1.388118456	1.516399797
2015/8/11	29.4	2.34785376	1.389740362	1.506800882	1.727478444
2015/8/12	28.9	2.175575433	1.294520461	1.427949429	1.655025583
2015/8/13	27.5	1.777728948	1.145090546	1.279133906	1.497331269
2015/8/14	26.9	1.7692988	1.11459059	1.228628909	1.401101517
2015/8/15	27.7	1.963266171	1.199681994	1.312894396	1.451598736
2015/8/16	27.8	1.896293682	1.160620919	1.297361637	1.40647498
2015/8/17	25.7	1.337069502	0.919165092	1.043485838	1.152189979
2015/8/18	28.2	1.804341242	1.152216585	1.250241118	1.480054255
2015/8/19	27.8	1.834626737	1.228143661	1.298686222	1.563874719
2015/8/20	25.6	1.542035219	1.120690525	1.217602556	1.517317708
2015/8/21	26	1.766957332	1.230679848	1.324279698	1.562379337
2015/8/22	28.3	2.237759266	1.384180017	1.548704807	1.671429784
2015/8/23	26.7	1.773003292	1.190959098	1.301106584	1.437489044
2015/8/24	24.3	1.389596095	1.062393821	1.202858741	1.405051576
2015/8/25	21.5	1.112451989	0.937549183	1.087244655	1.222608411
2015/8/26	19.5	0.895093554	0.786453883	0.929470021	1.037551584
2015/8/27	23.6	1.209333427	0.98407553	1.058215139	1.282815956
2015/8/28	21.7	0.999945356	0.86842564	0.983714307	1.145253992
2015/8/29	20	0.875857421	0.852105767	0.908733784	1.100993031
2015/8/30	21.2	0.876494111	0.810985146	0.878265643	0.983879865
2015/8/31	22.1	0.877522882	0.799941444	0.90618579	1.077447492
2015/9/1	23.7	0.999393544	0.944305102	1.025917186	1.212136944
2015/9/2	26.9	1.268724752	1.081276428	1.141856844	1.432206159
2015/9/3	25.7	1.382879625	1.147010265	1.252659253	1.471141566
2015/9/4	24.7	1.384020533	1.185572247	1.227890067	1.500066789
2015/9/5	25.4	1.615051565	1.307207685	1.330938658	1.554253257
2015/9/6	23.8	1.305441545	1.062131017	1.117252056	1.275893391
2015/9/7	23	1.066452566	0.915072091	1.090870224	1.145965495
2015/9/8	20	0.774931995	0.796352076	0.854564574	0.966367002
2015/9/9	22.4	0.72011121	0.74655348	0.838411518	0.955553752
2015/9/10	21.8	0.792447035	0.794205124	0.848680775	1.002652396
2015/9/11	23.9	1.172599303	0.997528462	1.106949251	1.266569499
2015/9/12	24.7	1.683160946	1.283210963	1.411160522	1.524779084
2015/9/13	24.4	1.322385023	1.18480488	1.219846795	1.383098255
2015/9/14	22.9	1.158615785	0.974112562	1.127851679	1.245109322
2015/9/15	22.3	1.126417051	1.030977245	1.119942544	1.332498199
2015/9/16	21.1	1.052712586	0.968845662	1.053074778	1.258267007
2015/9/17	17.9	0.763195122	0.75571289	0.86548767	1.01671302
2015/9/18	20.6	0.792570892	0.835200716	0.932356756	1.088452288
2015/9/19	24.1	1.448274323	1.218452696	1.221215646	1.435688112
2015/9/20	23.3	1.548533649	1.22393862	1.22765523	1.420394941
2015/9/21	22.7	1.389771944	1.132680748	1.186651049	1.368459995
2015/9/22	23	1.513096387	1.210097921	1.278622287	1.425938582
2015/9/23	22.4	1.446112814	1.147709656	1.230380199	1.383926025
2015/9/24	20.4	0.934940639	0.876800334	1.022363129	1.068294089
2015/9/25	17.7	0.715304958	0.792305001	0.871738616	0.941708592
2015/9/26	20.5	1.074746681	0.968238171	1.048903847	1.143733922
2015/9/27	21.4	1.098148922	1.008230138	1.086197947	1.111705902
2015/9/28	23.3	1.062924968	0.963582744	1.107571651	1.211054073
2015/9/29	22.7	1.10900192	1.024393362	1.160451734	1.257640989
2015/9/30	20.9	1.089540972	1.056769727	1.127384704	1.26316629
2015/10/1	19.4	1.016098928	1.016931013	1.067246414	1.169245043
2015/10/2	23.2	1.019102445	0.998613772	1.07914421	1.220044798
2015/10/3	21.7	1.443456135	1.215254407	1.312311208	1.448512781
2015/10/4	21.3	1.389954955	1.154255737	1.228479806	1.355597375
2015/10/5	17.9	0.874767923	0.880921937	1.04684658	1.070312119
2015/10/6	17.7	0.874568698	0.880092924	1.007027807	1.073042437
2015/10/7	17.5	0.816724303	0.843057492	1.006615881	1.097686698
2015/10/8	19.4	0.91244458	0.93243047	1.067824262	1.12912115
2015/10/9	20.2	1.001250575	0.981063378	1.104445719	1.19807025
2015/10/10	18.3	1.022933887	0.952706136	1.049930453	1.214137772
2015/10/11	18.9	0.795292921	0.821152081	0.91437364	1.043330703
2015/10/12	18.7	1.135569015	1.051722405	1.154115919	1.296708227
2015/10/13	18.8	1.048549097	0.93004828	1.152742805	1.165329592
2015/10/14	18.4	1.016658437	0.952513865	1.085949152	1.086275561
2015/10/15	18.8	0.978070841	0.947613957	1.124658458	1.132696887
2015/10/16	15.6	0.76962133	0.736344976	0.979638736	0.839574714
2015/10/17	17.5	0.851503827	0.808561754	1.023866611	0.92364646
2015/10/18	18.8	1.119951604	0.92828502	1.165109175	1.141663409
2015/10/19	19	0.893462208	0.812212552	1.066634848	1.034015846
2015/10/20	19	0.927256436	0.852862836	1.117905681	1.087011178
2015/10/21	17.2	0.86605631	0.809416759	1.046886817	0.984432228
2015/10/22	17.4	0.875732931	0.852432736	1.126191583	1.029606202
2015/10/23	17.9	0.814623652	0.852862401	1.047867819	1.023432581
2015/10/24	19	1.116734357	0.990319957	1.208932283	1.146552037
2015/10/25	16.1	0.918515722	0.779601427	1.016774098	0.947426974
2015/10/26	15.5	0.777804623	0.72408142	0.992607109	0.890090413
2015/10/27	18.3	0.817230739	0.83117906	1.020998202	0.999827705
2015/10/28	20.8	0.939377811	0.965873011	1.093003054	1.100816729
2015/10/29	17.1	0.8461605	0.828932228	1.07055858	0.95896449
2015/10/30	17.1	0.817100998	0.831134104	1.02554466	0.952103235
2015/10/31	14.4	0.794246648	0.735587955	0.902580841	0.843650411
2015/11/1	13.1	0.869123062	0.753837733	0.905431442	0.833018035
2015/11/2	12.7	0.596867778	0.563114621	0.755085677	0.651719233
2015/11/3	16.2	0.84609061	0.807027303	0.952576492	0.940875129
2015/11/4	14.4	0.744983848	0.682584099	0.904149879	0.82736988
2015/11/5	15.1	0.74272172	0.716870366	0.96250273	0.892672691
2015/11/6	16.4	0.795260972	0.735996216	0.963884315	0.942051771
2015/11/7	16.5	0.951177008	0.763737772	1.055179337	0.93150734
2015/11/8	15.2	0.673810198	0.55740698	0.800511887	0.67185729
2015/11/9	18.2	0.656831409	0.623940138	0.887939208	0.772106766
2015/11/10	16.5	0.615790998	0.635603971	0.896048587	0.721840478
2015/11/11	14.9	0.676083021	0.645251873	0.903598931	0.764534798
2015/11/12	13.4	0.644674998	0.588303438	0.89005281	0.703654013
2015/11/13	13.1	0.568704135	0.572802524	0.852326435	0.681730488
2015/11/14	13	0.606365671	0.531911162	0.779246443	0.584698397
2015/11/15	16	0.741160827	0.629348884	0.86045731	0.753836624
2015/11/16	17.2	0.627972271	0.624757869	0.942820809	0.747291279
2015/11/17	18.5	0.707440856	0.75491169	1.00226985	0.897083459
2015/11/18	16.7	0.623042615	0.699707461	0.917512428	0.823856399
2015/11/19	14.5	0.657582272	0.652436502	0.875973694	0.747391621
2015/11/20	13.7	0.590894494	0.608396062	0.876519052	0.702078436
2015/11/21	15.5	0.80869473	0.693120599	0.94054946	0.92045059
2015/11/22	13.1	0.65732246	0.610894527	0.82358754	0.766357521
2015/11/23	12.2	0.562765796	0.512746979	0.697584322	0.60264274
2015/11/24	14.3	0.597091751	0.514040598	0.77993788	0.619901396
2015/11/25	8.7	0.45744985	0.445942258	0.710064198	0.489128853
2015/11/26	8.7	0.42815788	0.400468568	0.641242761	0.49886963
2015/11/27	9.9	0.535191828	0.46521348	0.707308722	0.531646038
2015/11/28	9.4	0.724043513	0.560396494	0.80539523	0.71080058
2015/11/29	10.4	0.674574832	0.529280011	0.739146722	0.659907682
2015/11/30	10	0.572619883	0.474476751	0.754643468	0.552047066
2015/12/1	10.8	0.548672537	0.502302668	0.759931412	0.557861689
2015/12/2	9.5	0.522293644	0.471445475	0.742887069	0.524346858
2015/12/3	10.5	0.538980728	0.502566853	0.736161944	0.536501506
2015/12/4	9.9	0.509565021	0.490975269	0.741554841	0.558292719
2015/12/5	9.8	0.613762325	0.554311902	0.823495549	0.662397438
2015/12/6	10.6	0.555724484	0.513190745	0.750407744	0.630143115
2015/12/7	9.2	0.491880859	0.451176294	0.744551833	0.549616512
2015/12/8	8	0.454594139	0.420741748	0.673505675	0.487840995
2015/12/9	7.5	0.516675335	0.438329841	0.691462142	0.518984824
2015/12/10	8.8	0.475190672	0.470966778	0.761624209	0.537765814
2015/12/11	14.7	0.509806445	0.532941689	0.746977954	0.614565115
2015/12/12	12.6	0.652798564	0.599356247	0.843522231	0.767160769
2015/12/13	10.2	0.532868839	0.485913503	0.706648573	0.577696509
2015/12/14	11.6	0.49576997	0.47424161	0.755931686	0.597196604
2015/12/15	11.5	0.53440427	0.5266945	0.765083479	0.601013918
2015/12/16	12.9	0.563418762	0.570423567	0.830597057	0.66350886
2015/12/17	10.1	0.563520872	0.526609463	0.788820827	0.639378056
2015/12/18	7.8	0.493707236	0.495331867	0.772990008	0.590036523
2015/12/19	7.1	0.556435221	0.448188261	0.763692041	0.583001201
2015/12/20	6.9	0.52349561	0.472063388	0.72017128	0.579204225
2015/12/21	8.8	0.458597119	0.439972776	0.745965395	0.538593822
2015/12/22	11	0.504595419	0.489122643	0.803489411	0.586919868
2015/12/23	6.8	0.496813356	0.458884519	0.685834835	0.553385437
2015/12/24	10.3	0.473957614	0.477242655	0.692286486	0.584891089
2015/12/25	10.9	0.472166858	0.485964066	0.739308867	0.594110252
2015/12/26	8.5	0.553693362	0.491994088	0.715921769	0.607362357
2015/12/27	7.3	0.543722055	0.416627629	0.640141	0.51904157
2015/12/28	6	0.431096799	0.41185593	0.617426351	0.488722609
2015/12/29	6.3	0.437732907	0.428157645	0.643174113	0.549205467
2015/12/30	7.2	0.476341149	0.405478378	0.626931872	0.538994111
2015/12/31	6.6	0.385902713	0.375497552	0.528101161	0.46555496
2016/1/1	7.5	0.467950172	0.479443169	0.648706509	0.486835936
2016/1/2	7.3	0.439902644	0.47701864	0.604327445	0.562140032
2016/1/3	9.3	0.610558399	0.559243938	0.718300675	0.613918452
2016/1/4	9.2	0.589933627	0.622671039	0.80802072	0.632761603
2016/1/5	10.9	0.482424342	0.546138867	0.735846439	0.640143289
2016/1/6	8.9	0.49041729	0.517456897	0.787409748	0.589905929
2016/1/7	8.7	0.452831571	0.469821677	0.684811558	0.569947157
2016/1/8	6.8	0.459889316	0.413187983	0.647830615	0.561685953
2016/1/9	7.3	0.513709562	0.441435046	0.645827334	0.584976411
2016/1/10	7.9	0.571565937	0.546665292	0.736330404	0.632661191
2016/1/11	7.1	0.549636206	0.567298811	0.710684325	0.572382369
2016/1/12	3.4	0.377011337	0.350743431	0.559564297	0.396524104
2016/1/13	4.3	0.405338332	0.333726389	0.555837009	0.463415029
2016/1/14	6	0.403568694	0.380474181	0.605748851	0.496974245
2016/1/15	5.6	0.378310683	0.400527488	0.590027244	0.461016919
2016/1/16	6.5	0.431534056	0.436126133	0.598462293	0.549025844
2016/1/17	5.8	0.494061979	0.474228446	0.615650222	0.51717321
2016/1/18	2.8	0.353997947	0.311943431	0.534523185	0.359204942
2016/1/19	5.1	0.364555658	0.320672439	0.53837619	0.388455694
2016/1/20	4.1	0.351697139	0.342260775	0.553033844	0.407441147
2016/1/21	5.4	0.319577189	0.356743152	0.598280703	0.422357243
2016/1/22	5.8	0.375263842	0.388090278	0.582456376	0.438663593
2016/1/23	3.9	0.333612459	0.358621743	0.543539609	0.421377966
2016/1/24	3.3	0.418682374	0.355725683	0.521337554	0.431134631
2016/1/25	2.9	0.353041151	0.358063903	0.57676964	0.388398973
2016/1/26	3.8	0.342319762	0.364590239	0.594443376	0.425052987
2016/1/27	6.3	0.414044992	0.446304038	0.607063674	0.473507994
2016/1/28	7.8	0.47161223	0.426658023	0.654748165	0.553791196
2016/1/29	5.4	0.433754501	0.423744478	0.632974887	0.465441679
2016/1/30	3.3	0.315055011	0.314918855	0.473600646	0.378225744
2016/1/31	6.1	0.440996518	0.42453758	0.578232653	0.508722052
2016/2/1	4.7	0.408346262	0.419455056	0.602631003	0.384573903
2016/2/2	6	0.384885559	0.364228419	0.546310123	0.416600039
2016/2/3	5	0.391436827	0.41341742	0.590300583	0.444434004
2016/2/4	5.1	0.41181587	0.393728535	0.578521092	0.470201907
2016/2/5	7.5	0.403786923	0.419952488	0.612048438	0.517570202
2016/2/6	6.7	0.44598239	0.449977956	0.648096559	0.514566246
2016/2/7	5	0.421412644	0.442484631	0.600346412	0.501397903
2016/2/8	4.4	0.415813665	0.434677904	0.610370078	0.421146577
2016/2/9	6.6	0.362904993	0.402758262	0.605430146	0.490361868
2016/2/10	6	0.404019891	0.414102736	0.602976894	0.477877351
2016/2/11	6	0.455305504	0.478344666	0.598162059	0.596129272
2016/2/12	7.2	0.480583427	0.47739789	0.651761073	0.534073891
2016/2/13	14	0.546172224	0.568195786	0.757919921	0.727328313
2016/2/14	18.5	0.640877491	0.627351909	0.817968771	0.7063479
2016/2/15	8.1	0.506600908	0.516573806	0.80837778	0.550386971
2016/2/16	5.6	0.420217201	0.40626579	0.619577096	0.5076108
2016/2/17	6.2	0.438795387	0.447483523	0.656913829	0.543565329
2016/2/18	6.2	0.444810754	0.434379845	0.650049093	0.534763561
2016/2/19	9.7	0.460424824	0.521945717	0.680555537	0.690428645
2016/2/20	8	0.443231299	0.432059956	0.668417083	0.497088358
2016/2/21	9.5	0.464698789	0.453874577	0.623926286	0.582428677
2016/2/22	6.7	0.474246031	0.43137442	0.687479445	0.512655488
2016/2/23	6.7	0.404869777	0.391813137	0.578277461	0.496273429
2016/2/24	5.8	0.39453431	0.39286924	0.595304152	0.502891145
2016/2/25	3.8	0.402447292	0.3951442	0.584786045	0.488014736
2016/2/26	5.8	0.441475878	0.426958036	0.609200858	0.555745423
2016/2/27	7.8	0.536260397	0.49252651	0.670672788	0.637474721
2016/2/28	8.7	0.594699319	0.604830294	0.728347286	0.724666088
2016/2/29	8.3	0.535650112	0.486893149	0.662199136	0.544619886
2016/3/1	5.2	0.435343958	0.417591665	0.589074522	0.530097975
2016/3/2	6.3	0.453473698	0.442830262	0.622347379	0.590923119
2016/3/3	9.2	0.487737057	0.528186901	0.696792004	0.669959167
2016/3/4	10.4	0.479283986	0.53983681	0.698806532	0.665682072
2016/3/5	10.7	0.548624527	0.547420673	0.684503105	0.72758108
2016/3/6	13.2	0.58217542	0.591965835	0.737142638	0.720687049
2016/3/7	14.1	0.472619596	0.49580345	0.677664556	0.629412444
2016/3/8	15.8	0.574720546	0.615177338	0.71530597	0.749420769
2016/3/9	8.7	0.471022239	0.552165289	0.672414582	0.581472962
2016/3/10	6.1	0.355237715	0.390827576	0.564589896	0.499675813
2016/3/11	4.6	0.341180782	0.396362636	0.549001324	0.46790817
2016/3/12	5.8	0.388944326	0.402743892	0.538650987	0.491509465
2016/3/13	6.7	0.440513636	0.469437774	0.60220902	0.51847243
2016/3/14	5.7	0.335564414	0.373337898	0.542482437	0.428838318
2016/3/15	8.1	0.344835484	0.42882383	0.563392327	0.531585593
2016/3/16	8.7	0.420399242	0.527907876	0.628595523	0.601614058
2016/3/17	13.1	0.529093601	0.667894879	0.763937984	0.78452281
2016/3/18	14.8	0.62776646	0.771583046	0.843217403	0.845604263
2016/3/19	14.9	0.555178807	0.676612657	0.803280629	0.793679096
2016/3/20	13.4	0.602055301	0.805692039	0.810973403	0.935670819
2016/3/21	9.5	0.692998356	0.790410578	0.848624161	0.804444925
2016/3/22	11	0.471444781	0.624746027	0.763813615	0.686716701
2016/3/23	11.5	0.540063898	0.667235889	0.766353984	0.74472826
2016/3/24	6.3	0.40471549	0.572050125	0.672135549	0.605882618
2016/3/25	8.1	0.430821919	0.565481815	0.63085071	0.670673883
2016/3/26	8	0.536196242	0.745868742	0.765399632	0.6991126
2016/3/27	10.4	0.617835438	0.995057884	0.826338448	0.762113389
2016/3/28	11.3	0.579325287	0.872010105	0.812110001	0.70436702
2016/3/29	13	0.581373498	0.920292345	0.886768215	0.847582503
2016/3/30	14.9	0.686059492	1.053697445	0.965499158	0.915584525
2016/3/31	14.9	0.774137402	1.159262381	1.096882823	0.931037292
2016/4/1	12.8	0.633264309	0.947237973	0.993183714	0.826180778
2016/4/2	10.5	0.61240455	0.751961312	0.73504212	0.721099725
2016/4/3	13.1	0.584159546	0.787905804	0.823355425	0.732379005
2016/4/4	15.6	0.552884025	0.910599548	0.897081384	0.759427233
2016/4/5	10.8	0.500990456	0.753820294	0.857297012	0.694888788
2016/4/6	14.6	0.569498488	0.896543596	0.852402764	0.888698184
2016/4/7	13.8	0.522866272	0.709093493	0.847680414	0.703889085
2016/4/8	16.1	0.572833118	0.77161778	0.844175975	0.866673745
2016/4/9	17.1	0.847775452	0.995884953	1.036351775	1.005058625
2016/4/10	17.2	0.949548474	1.291971259	1.213246982	1.08482836
2016/4/11	11.6	0.656791874	0.842741187	0.980133498	0.737185084
2016/4/12	10.5	0.420013307	0.667930352	0.746116561	0.72200147
2016/4/13	14.4	0.532530468	0.744472805	0.830896199	0.759956834
2016/4/14	15	0.519454373	0.745481983	0.808217367	0.765545985
2016/4/15	16.3	0.562990552	0.824545691	0.879396504	0.858360895
2016/4/16	15.8	0.748735512	0.998580022	1.005392299	0.995306198
2016/4/17	19.2	0.725760179	0.939754001	0.869317391	0.788577255
2016/4/18	18.9	0.621943031	0.875305161	0.930388984	0.919826185
2016/4/19	16.2	0.664680901	0.881721486	0.943032265	0.976386257
2016/4/20	14.9	0.676923804	0.83906948	0.876027973	0.914104115
2016/4/21	16.5	0.57509244	0.854000834	0.857071038	0.915833498
2016/4/22	17.3	0.632085523	0.965960506	0.913626284	0.997076291
2016/4/23	17.9	0.952962974	1.116499048	0.987614187	1.041781089
2016/4/24	15.7	0.760702886	1.004709741	0.97459734	0.941990258
2016/4/25	18.1	0.667733116	0.958248908	0.935175149	0.975967448
2016/4/26	19.2	0.836184143	1.148277202	1.064946855	1.138870074
2016/4/27	18.1	0.696549981	1.14254761	0.98371039	1.01535297
2016/4/28	14.4	0.548891958	0.885868465	0.772509751	0.784685279
2016/4/29	15.8	0.608192786	0.911808368	0.768530056	0.936374223
2016/4/30	16	0.815147161	1.096356862	0.888210108	0.974968328
2016/5/1	18.2	1.077956818	1.390768992	1.163467711	1.186595736
2016/5/2	17.4	0.872976871	1.193695378	1.034611416	1.032171378
2016/5/3	20.4	1.043589636	1.500990974	1.125180393	1.085100805
2016/5/4	22.1	0.9525629	1.375466668	1.094217382	1.096612624
2016/5/5	22.1	1.442718406	1.687343172	1.32836304	1.338127479
2016/5/6	18.1	0.847288188	1.273621651	1.068750797	1.009058767
2016/5/7	21.2	1.055371468	1.164138117	0.971328828	1.216773659
2016/5/8	21.3	1.132184992	1.410248623	1.133531991	1.159845762
2016/5/9	18.5	0.714069646	1.106200998	1.027169274	0.95190665
2016/5/10	18.4	0.642222312	0.99297407	0.820637221	1.010087696
2016/5/11	21.4	0.797906962	1.145410628	0.958338012	1.104434485
2016/5/12	21.7	0.989581291	1.349211688	1.105938422	1.292957066
2016/5/13	21.2	1.03514568	1.421056994	1.210636353	1.29853747
2016/5/14	19.8	1.431186628	1.625593187	1.435457776	1.294468106
2016/5/15	17.6	1.24950946	1.435883655	1.239874211	1.243139751
2016/5/16	19	0.80643128	1.173897616	1.032229501	1.077009655
2016/5/17	18.3	0.599306828	0.925730022	0.885563601	0.920476772
2016/5/18	20	0.827333984	1.077523004	0.974722344	1.229832358
2016/5/19	19.3	1.020609833	1.352598249	1.165635596	1.170589674
2016/5/20	17.2	0.818280991	1.186410257	1.070223177	1.148200405
2016/5/21	19.1	1.211079037	1.337146422	1.137429723	1.321990309
2016/5/22	22.4	1.500665769	1.592973476	1.352226161	1.334524946
2016/5/23	23.5	1.301732552	1.465313574	1.313164923	1.35193576
2016/5/24	23.4	1.22144176	1.412406274	1.295875899	1.371630925
2016/5/25	22.2	1.025979303	1.336268653	1.160699922	1.215635095
2016/5/26	23	0.90416626	1.319137604	1.075068661	1.249859177
2016/5/27	19.4	0.945334862	1.180739873	0.973307767	1.054557883
2016/5/28	19.3	0.916354745	1.152289276	1.021123572	1.193807127
2016/5/29	21.7	1.294085503	1.352182319	1.197139758	1.27969449
2016/5/30	17.4	0.776935182	1.065027752	0.989089491	0.904170631
2016/5/31	20.4	0.728389549	1.025116139	0.906059837	1.062370994
2016/6/1	21.5	0.921606231	1.317707463	1.121662922	1.214661349
2016/6/2	20.7	0.945046761	1.295808772	1.007121404	1.223753445
2016/6/3	19.4	0.968860577	1.363950807	1.094543054	1.269940785
2016/6/4	21.7	1.15392097	1.426561864	1.144047274	1.30934616
2016/6/5	19.3	1.003998133	1.300206709	1.118843526	1.120903212
2016/6/6	20	0.827570836	1.194220878	1.030867899	1.173845652
2016/6/7	19.6	0.699242148	1.087737118	0.954469551	1.07796426
2016/6/8	21.9	0.910315262	1.218734262	1.057365425	1.270210798
2016/6/9	21.2	0.872829769	1.272490247	1.075593832	1.139912265
2016/6/10	23.5	1.114799962	1.439946672	1.202115836	1.406711025
2016/6/11	23.5	1.702352643	1.690272662	1.433226869	1.536146916
2016/6/12	23.9	1.605647567	1.739504965	1.446054345	1.465737395
2016/6/13	19.8	0.853825725	1.151212582	1.047932669	0.950576709
2016/6/14	22.2	0.913650244	1.119084554	0.954925181	1.173818325
2016/6/15	20.8	0.846768831	1.205846995	0.974359245	1.117948788
2016/6/16	22.1	0.882465772	1.191273536	0.993962832	1.112673071
2016/6/17	24.2	1.218878676	1.444092275	1.226044768	1.424041368
2016/6/18	26.7	1.902180188	1.829662913	1.623564644	1.774461479
2016/6/19	24.3	1.80649875	1.739204203	1.456707921	1.489766006
2016/6/20	24.3	1.333613278	1.484105969	1.31764175	1.448913859
2016/6/21	22.7	1.17271792	1.383957939	1.149736324	1.295157171
2016/6/22	22.7	1.010648709	1.299880277	1.086720367	1.279239811
2016/6/23	23	0.942512536	1.254206088	1.071429747	1.190002085
2016/6/24	22.7	0.983253605	1.32465339	1.075334813	1.332458032
2016/6/25	25.4	1.416522847	1.486798367	1.291675737	1.500193622
2016/6/26	25.5	1.785502853	1.846993806	1.621424038	1.572867678
2016/6/27	24.4	1.420779956	1.599786821	1.412987806	1.429971022
2016/6/28	19.1	0.991648776	1.183480904	1.077546274	1.215910377
2016/6/29	21.5	0.998485317	1.151186931	0.994908068	1.154181641
2016/6/30	23	1.095825241	1.319718199	1.111810465	1.344874115
2016/7/1	25.6	1.453339798	1.54015426	1.403499139	1.565041866
2016/7/2	27	2.19083769	1.82109186	1.706148899	1.764191022
2016/7/3	29.2	2.436685022	2.011747397	1.895409914	1.68891637
2016/7/4	27.8	1.96122426	1.65873122	1.638352896	1.631420723
2016/7/5	21.7	1.405971716	1.364584967	1.290066787	1.339519203
2016/7/6	23.1	1.213186416	1.319084765	1.174461123	1.403304128
2016/7/7	27.4	2.025808341	1.620705135	1.557192055	1.578122764
2016/7/8	25.3	1.73546342	1.604032408	1.440993344	1.547787311
2016/7/9	22.4	1.348126589	1.370482529	1.27070585	1.272739642
2016/7/10	25.6	1.944652801	1.625784039	1.537230248	1.404655063
2016/7/11	28	1.961130895	1.633189013	1.629362439	1.579163654
2016/7/12	27.1	2.075796399	1.656510774	1.598186024	1.799219063
2016/7/13	25.1	1.823474403	1.558583614	1.362505188	1.645617932
2016/7/14	25.9	1.761514614	1.530062772	1.371873543	1.531558401
2016/7/15	22.2	1.41441576	1.312831176	1.235668478	1.306253215
2016/7/16	24.1	1.615282183	1.411505069	1.335645481	1.522469349
2016/7/17	25.9	1.677611459	1.631654502	1.575793905	1.3633957
2016/7/18	28.7	2.40820508	1.855810159	1.71745129	1.638708539
2016/7/19	27.3	1.83389139	1.588962742	1.570310456	1.6313558
2016/7/20	26.3	1.906943693	1.623198165	1.502292996	1.620088722
2016/7/21	21.8	1.31792742	1.347434597	1.147784606	1.286372122
2016/7/22	21.4	0.956735225	1.128006176	0.972562957	1.203378446
2016/7/23	22.4	1.337166782	1.384042786	1.221822244	1.404202084
2016/7/24	23.9	1.580597842	1.585643698	1.36916076	1.453461143
2016/7/25	24.7	1.328362011	1.462788858	1.295111956	1.422360576
2016/7/26	23.8	1.286674225	1.400035821	1.263342521	1.419670968
2016/7/27	24.5	1.315006122	1.460084132	1.27633259	1.457634015
2016/7/28	26.5	1.724811817	1.650893914	1.433819681	1.665415914
2016/7/29	27.2	2.048984816	1.842691155	1.639268631	1.752921021
2016/7/30	27.2	2.493151971	2.102148967	1.882702507	2.113974414
2016/7/31	27.5	2.343286414	2.20176934	1.82264303	1.70047857
2016/8/1	27.4	1.748042549	1.62249389	1.489460803	1.634748288
2016/8/2	25.9	1.817168602	1.616167462	1.446020704	1.66485394
2016/8/3	26.8	2.042631041	1.638178537	1.58808283	1.747755202
2016/8/4	28.1	2.182177588	1.835865498	1.69611677	1.970942812
2016/8/5	28.7	2.69033457	1.972294761	1.925989965	1.907097155
2016/8/6	29.1	2.825487938	2.079250383	2.046269692	1.948964397
2016/8/7	28.6	2.71481598	1.994175572	1.964657541	1.837448173
2016/8/8	28.5	2.280907432	1.85072485	1.708815755	1.778864672
2016/8/9	31.9	2.664392575	2.007785381	1.814040884	1.925150788
2016/8/10	29.1	2.601417719	2.028714496	1.89314104	1.902965659
2016/8/11	27.3	2.254008246	1.907341674	1.620777799	1.68434806
2016/8/12	26.7	2.057767083	1.805311703	1.667227029	1.53172255
2016/8/13	26.5	2.077347028	1.81412301	1.613805223	1.484050836
2016/8/14	26	2.288347289	1.7792866	1.608857158	1.352222748
2016/8/15	26.6	2.129923673	1.691443873	1.531160493	1.335079457
2016/8/16	26.9	1.878357222	1.491068394	1.3931024	1.323771061
2016/8/17	28.7	2.311987357	1.543902857	1.490122622	1.501025282
2016/8/18	26.9	2.080953082	1.512978159	1.375545716	1.3463404
2016/8/19	27.6	1.935236898	1.540927038	1.417265368	1.528473016
2016/8/20	25.7	1.942007535	1.560643023	1.40495607	1.325301805
2016/8/21	27.9	2.30136706	1.605694808	1.594443017	1.467711923
2016/8/22	25.7	1.569186264	1.219926406	1.152523932	1.020186639
2016/8/23	26.8	1.758805132	1.382403077	1.279087143	1.431085259
2016/8/24	26.5	1.916708659	1.52015394	1.413907505	1.546141137
2016/8/25	28	2.287348088	1.76808235	1.596594602	1.775286967
2016/8/26	28.3	2.574425526	1.993224609	1.82863811	1.9007622
2016/8/27	24.3	1.947604919	1.56697496	1.4035708	1.370908919
2016/8/28	22.6	1.401488559	1.291625528	1.093772053	1.179003505
2016/8/29	25.6	1.420944078	1.210406346	1.1285513	1.313710395
2016/8/30	25.1	1.385657589	1.305898792	1.085304742	1.321898713
2016/8/31	26.8	1.767904523	1.578336294	1.358014948	1.610743097
2016/9/1	27	1.799436038	1.66577307	1.380868778	1.739786144
2016/9/2	26.7	1.861397886	1.700085109	1.4757819	1.849842496
2016/9/3	27.2	2.278595237	1.732480882	1.608063991	1.797393053
2016/9/4	26.7	2.212492239	1.738847026	1.721281978	1.521075759
2016/9/5	28.4	2.131054289	1.521255029	1.528817852	1.558231789
2016/9/6	28.8	2.269629934	1.764498756	1.634141233	1.785439613
2016/9/7	27.1	2.017112755	1.694827274	1.474801546	1.59594561
2016/9/8	26.4	1.814612729	1.548284686	1.351808365	1.500526069
2016/9/9	27	1.709041989	1.564588256	1.394144283	1.68632782
2016/9/10	26.6	2.362964211	1.809853872	1.647354128	1.84333446
2016/9/11	23.2	1.63566554	1.504520879	1.459360755	1.32534203
2016/9/12	24.7	1.26760593	1.223979426	1.204430494	1.366172055
2016/9/13	22.6	1.152455188	1.104737127	1.054957459	1.186852348
2016/9/14	23.1	1.136352341	1.100169897	0.974718636	1.338876894
2016/9/15	24.1	1.204994078	1.250531986	1.136639709	1.349123927
2016/9/16	22.9	1.275061677	1.21745597	1.133470383	1.358957719
2016/9/17	25.3	1.736978174	1.452130366	1.353641649	1.653372695
2016/9/18	24.6	1.500887764	1.416802368	1.372715386	1.300013646
2016/9/19	21.3	1.157921862	1.143571656	1.109501083	1.026650934
2016/9/20	19.1	0.688715439	0.732500623	0.782038338	0.871736459
2016/9/21	20.1	0.82210666	0.847822761	0.807061808	1.035230767
2016/9/22	19.4	0.827818729	0.858483637	0.776608195	0.965346859
2016/9/23	20.8	0.781272448	0.864838082	0.875981158	1.056272361
2016/9/24	21.8	1.04478948	1.02874631	0.961898592	1.126604477
2016/9/25	23.6	1.406717049	1.28728599	1.282050752	1.33118301
2016/9/26	25.4	1.344101272	1.3651422	1.350795531	1.424444348
2016/9/27	25.6	1.621386374	1.422282852	1.320938248	1.594934584
2016/9/28	26.5	1.758170184	1.510104331	1.419425333	1.633610719
2016/9/29	24.6	1.499469026	1.351725301	1.22698298	1.529382455
2016/9/30	21.4	1.298180992	1.265178231	1.177338403	1.434395003
2016/10/1	19.7	1.163988494	1.216651614	1.178469799	1.338241832
2016/10/2	23.1	1.589585894	1.408965534	1.381278608	1.59102169
2016/10/3	22.7	1.159954218	1.244982988	1.260390092	1.286801003
2016/10/4	24.9	1.828451853	1.437151329	1.30252896	1.584548236
2016/10/5	24	1.474730933	1.465384881	1.360223696	1.448315623
2016/10/6	26	1.415634418	1.407344665	1.31676913	1.61761483
2016/10/7	21.4	1.598564266	1.459136672	1.345948197	1.47683456
2016/10/8	21.2	1.107205216	1.082001971	1.093686509	1.127896295
2016/10/9	22.3	1.091353424	1.14974367	1.076404472	1.097554936
2016/10/10	18.4	1.264801967	1.417346119	1.388224367	1.423522284
2016/10/11	17.6	0.832859207	0.909336863	0.948786939	1.024748071
2016/10/12	17.9	1.409763424	1.194885083	1.07888122	1.423280368
2016/10/13	16.5	0.82877781	0.914530024	0.937636338	0.940543029
2016/10/14	15.6	0.825352495	0.890031101	0.891733	1.031270627
2016/10/15	16.7	1.109956838	1.076210756	1.077769306	1.158672533
2016/10/16	17.4	1.191494534	1.215850716	1.244039279	1.164803361
2016/10/17	17.5	0.928584508	0.97136024	1.041779274	0.893075192
2016/10/18	20.9	1.015055989	0.985457864	1.036192016	1.179731823
2016/10/19	20.8	1.19183232	1.143323975	1.192033389	1.264352184
2016/10/20	21.9	1.191286618	1.178239681	1.187128394	1.319803111
2016/10/21	18.2	1.156677329	1.124346871	1.129268607	1.151472833
2016/10/22	16.7	1.023330983	1.030389017	1.094581063	1.043182885
2016/10/23	18.1	1.091398821	1.059986627	1.159461827	1.014515904
2016/10/24	14.9	0.846476089	0.855120981	1.030895891	0.906344797
2016/10/25	14	0.813939941	0.787278601	0.936396242	0.85078468
2016/10/26	19.1	0.855630154	0.935997701	1.03051434	1.139909214
2016/10/27	19	1.090123722	1.153865675	1.165149136	1.083612949
2016/10/28	12.2	0.731106497	0.783225217	0.915386021	0.784748949
2016/10/29	15.5	0.8354014	0.739018412	0.824412865	0.824616739
2016/10/30	11.9	0.845906281	0.835382959	0.880015758	0.672589093
2016/10/31	14.3	0.639672765	0.727556646	0.858248192	0.753971118
2016/11/1	13.4	0.597390557	0.64291976	0.724020547	0.713313113
2016/11/2	10.9	0.597195255	0.590384563	0.710032069	0.663425437
2016/11/3	12.9	0.72056135	0.747350288	0.767878345	0.764711088
2016/11/4	14	0.717838573	0.737650461	0.903821992	0.772851379
2016/11/5	14.6	0.906324836	0.852120726	0.957652884	0.870863898
2016/11/6	14.8	1.040217675	0.866670565	0.995322949	0.790553724
2016/11/7	11	0.687975417	0.63911898	0.836105513	0.61031063
2016/11/8	9.9	0.576452526	0.542516295	0.660326419	0.572629702
2016/11/9	10.4	0.557214555	0.515944184	0.634919363	0.554656349
2016/11/10	9.6	0.514480851	0.483245357	0.622956598	0.544413274
2016/11/11	9	0.539688698	0.5284041	0.581517585	0.515859379
2016/11/12	13.6	0.744925293	0.6712718	0.798761285	0.753570092
2016/11/13	13.6	0.895113981	0.870066416	1.055789272	0.790701433
2016/11/14	13.7	0.699668024	0.725770501	0.854626045	0.665634658
2016/11/15	15.3	0.731713193	0.679882568	0.786066347	0.749857741
2016/11/16	12.5	0.653061226	0.643793601	0.794429867	0.725572931
2016/11/17	12.6	0.67865119	0.637719484	0.80602958	0.791688371
2016/11/18	11.3	0.643512941	0.627907923	0.796844335	0.744654696
2016/11/19	9.8	0.569929488	0.58930417	0.741895917	0.564607152
2016/11/20	13.6	0.799554274	0.807318486	0.911134046	0.738950912
2016/11/21	12.6	0.76999144	0.586756333	0.85370327	0.609783871
2016/11/22	14	0.636276697	0.567019432	0.735629121	0.694906573
2016/11/23	11.4	0.65879826	0.618869878	0.712554802	0.611513518
2016/11/24	2.8	0.532485746	0.417648148	0.607982082	0.42222326
2016/11/25	5.6	0.43416063	0.372469528	0.524666388	0.478372428
2016/11/26	8.3	0.65964195	0.517972935	0.634618943	0.561517048
2016/11/27	10.6	0.677550261	0.547385659	0.762815898	0.514451131
2016/11/28	11.1	0.562451739	0.479275491	0.672118953	0.491337935
2016/11/29	10.5	0.547931396	0.440134397	0.58989662	0.542939512
2016/11/30	8.8	0.583644178	0.469830744	0.634951746	0.531421169
2016/12/1	10	0.540450863	0.50465546	0.63226141	0.593689011
2016/12/2	11.5	0.579914727	0.540121058	0.676809779	0.655190826
2016/12/3	10.8	0.742182118	0.644135179	0.79635313	0.703560174
2016/12/4	11.6	0.859465299	0.759004344	0.881838139	0.707671475
2016/12/5	12.7	0.729613122	0.617924946	0.850723574	0.666057664
2016/12/6	10.8	0.649271977	0.581545739	0.733204702	0.661191677
2016/12/7	7.5	0.555050873	0.504102631	0.621787982	0.56171912
2016/12/8	8.6	0.591575201	0.502980265	0.642250069	0.563001441
2016/12/9	11.1	0.588033771	0.56242576	0.703730401	0.624820925
2016/12/10	8.5	0.682941326	0.578632508	0.687469438	0.582661249
2016/12/11	6.8	0.683002201	0.535314591	0.669931585	0.511033234
2016/12/12	7	0.559113718	0.480212812	0.637398083	0.494569934
2016/12/13	9.4	0.569195435	0.484165112	0.633193439	0.551173073
2016/12/14	8.1	0.541202697	0.483693626	0.623124651	0.520830256
2016/12/15	6.2	0.540550561	0.448946989	0.600092865	0.50066731
2016/12/16	4.8	0.521947563	0.422923811	0.575380745	0.45421655
2016/12/17	6.7	0.63095931	0.483588969	0.635922736	0.539049516
2016/12/18	8.2	0.869960066	0.731754189	0.825044162	0.585753419
2016/12/19	10	0.676320997	0.584913417	0.72297777	0.61029978
2016/12/20	9.6	0.680572544	0.554686892	0.716249816	0.646510596
2016/12/21	10.5	0.715972503	0.584803408	0.725796199	0.705744254
2016/12/22	14.6	0.781260755	0.659489857	0.781630325	0.70712749
2016/12/23	14	0.865267949	0.728776513	0.823176845	0.780868589
2016/12/24	8.6	0.733041772	0.708213478	0.771495908	0.647032194
2016/12/25	6.6	0.665313541	0.621424883	0.703043305	0.550058811
2016/12/26	6.9	0.627360453	0.600769623	0.710355175	0.534966938
2016/12/27	11.1	0.634941685	0.492030414	0.676380204	0.564149305
2016/12/28	6	0.562798168	0.497414549	0.593596584	0.52823471
2016/12/29	4.3	0.565430034	0.449583383	0.594150012	0.467872827
2016/12/30	6	0.668797375	0.550844326	0.579884631	0.443895596
2016/12/31	6.3	0.549320991	0.54730705	0.591033288	0.425727341
2017/1/1	7.4	0.60319122	0.570246682	0.641912849	0.435680334
2017/1/2	7.2	0.610263898	0.599472404	0.67276677	0.451498611
2017/1/3	8	0.558936514	0.587336178	0.659269804	0.454749854
2017/1/4	8.5	0.647342303	0.658013335	0.712039802	0.486194115
2017/1/5	6.7	0.607382434	0.42317196	0.591013204	0.421513162
2017/1/6	4.5	0.474459603	0.448238283	0.532480787	0.437354291
2017/1/7	4.1	0.602280202	0.467544928	0.537152569	0.435273285
2017/1/8	3.9	0.5160018	0.443123997	0.52968957	0.391203463
2017/1/9	7.2	0.482116097	0.441004079	0.49169677	0.401215745
2017/1/10	8.1	0.551001935	0.518194958	0.598246009	0.504979747
2017/1/11	6.9	0.544959833	0.495809724	0.633599231	0.486899778
2017/1/12	6	0.516355827	0.472967104	0.573565437	0.506057791
2017/1/13	6.2	0.556426184	0.465379484	0.637673985	0.472810871
2017/1/14	2.4	0.552613227	0.375916328	0.535358108	0.399193558
2017/1/15	0.7	0.505260933	0.346396482	0.502444331	0.350625421
2017/1/16	3.2	0.426329837	0.372090718	0.521212635	0.346948623
2017/1/17	5.4	0.471300192	0.375919089	0.541081099	0.428056597
2017/1/18	5.8	0.548699563	0.399928339	0.562129595	0.475686783
2017/1/19	6.4	0.552668285	0.39887616	0.555599551	0.436754747
2017/1/20	3	0.485893362	0.355265553	0.504102138	0.393962407
2017/1/21	5.9	0.511782879	0.416674213	0.523116955	0.412127312
2017/1/22	6	0.682247833	0.505357465	0.611402863	0.478753875
2017/1/23	4	0.541892024	0.423489303	0.601718286	0.410383656
2017/1/24	2.5	0.433404989	0.338492912	0.48900517	0.386435111
2017/1/25	3.9	0.506065042	0.375463435	0.527987384	0.404022135
2017/1/26	4.6	0.527410302	0.399924304	0.552558784	0.456390939
2017/1/27	8.8	0.561855419	0.476961201	0.624861922	0.490344465
2017/1/28	8.4	0.762939681	0.609788848	0.759373576	0.621965918
2017/1/29	8	0.822666763	0.685762289	0.784429261	0.572476498
2017/1/30	11.2	0.645314844	0.548293425	0.742715694	0.547296901
2017/1/31	5.9	0.58993354	0.455418701	0.615673343	0.507521648
2017/2/1	6	0.508343636	0.441189711	0.563962165	0.52721619
2017/2/2	4.5	0.504270927	0.428347526	0.5750384	0.448203751
2017/2/3	7.4	0.532718687	0.447680958	0.581026636	0.511609086
2017/2/4	8.2	0.731758213	0.588952158	0.736456296	0.618638316
2017/2/5	7.2	0.729443433	0.521929675	0.669863801	0.532883162
2017/2/6	8.7	0.530609964	0.466435149	0.610660746	0.508491055
2017/2/7	5.6	0.562224372	0.397984	0.57380918	0.466759142
2017/2/8	6.3	0.506965704	0.4235232	0.542352047	0.473229606
2017/2/9	2.4	0.49892403	0.37416036	0.530218034	0.403246239
2017/2/10	4.3	0.407009178	0.348137985	0.484121802	0.392620991
2017/2/11	4.1	0.575633118	0.438859478	0.547157636	0.450778061
2017/2/12	5	0.615327819	0.556756958	0.605102911	0.45325498
2017/2/13	6.3	0.517337093	0.448645495	0.541423316	0.450976789
2017/2/14	6.1	0.461119709	0.420510593	0.575385574	0.462182159
2017/2/15	6.5	0.527054896	0.494799538	0.582457283	0.524163016
2017/2/16	7.3	0.54320072	0.502215865	0.646557661	0.557757657
2017/2/17	13.2	0.597370248	0.591708362	0.716887014	0.651715894
2017/2/18	8.1	0.723389864	0.597460888	0.674407932	0.594911767
2017/2/19	6.2	0.668539508	0.561445096	0.649278654	0.547019673
2017/2/20	9.9	0.61801628	0.529707888	0.644763248	0.575654409
2017/2/21	6.1	0.600325749	0.415834231	0.564533256	0.524965997
2017/2/22	7	0.474698216	0.40069638	0.555924977	0.502648567
2017/2/23	12.4	0.54491172	0.463655939	0.593822403	0.590731658
2017/2/24	7.4	0.578549014	0.47179059	0.584555905	0.533116072
2017/2/25	7.5	0.741541063	0.574801294	0.616993818	0.575684377
2017/2/26	8.6	0.770182605	0.651093681	0.689673993	0.652726506
2017/2/27	6.2	0.603909626	0.464456892	0.625588333	0.507935861
2017/2/28	5.5	0.506399233	0.419203902	0.537553336	0.519958001
2017/3/1	6.4	0.531977036	0.41317297	0.534620327	0.469003143
2017/3/2	6.8	0.489061432	0.398693723	0.496436385	0.448744614
2017/3/3	8.7	0.477541908	0.411781268	0.500741236	0.512189641
2017/3/4	8.7	0.677393394	0.551095696	0.550930538	0.564957015
2017/3/5	10.4	0.772013657	0.668635081	0.667169426	0.648705391
2017/3/6	9.3	0.576682388	0.524496577	0.589730439	0.562669785
2017/3/7	6.6	0.505961297	0.431499789	0.481575916	0.489815836
2017/3/8	5.5	0.534535085	0.456791658	0.47594278	0.525064507
2017/3/9	7.5	0.518671771	0.523084517	0.53491043	0.585412832
2017/3/10	8.6	0.616982589	0.509778352	0.569868467	0.601921699
2017/3/11	7.9	0.691329875	0.566533243	0.548761708	0.595618241
2017/3/12	7.6	0.707521465	0.600688322	0.597823612	0.585820073
2017/3/13	8.8	0.53808556	0.485328625	0.507440579	0.51872442
2017/3/14	8.1	0.498088721	0.433634697	0.487344626	0.480607427
2017/3/15	5.4	0.474773317	0.406224874	0.444414179	0.437716113
2017/3/16	8.2	0.598241459	0.464364114	0.470274603	0.54231937
2017/3/17	9.5	0.637917248	0.532768629	0.536504034	0.622646864
2017/3/18	10.3	0.846381703	0.642523477	0.573588612	0.738574613
2017/3/19	12.2	0.902992727	0.725117964	0.697955853	0.731202844
2017/3/20	12.6	0.886311694	0.759390375	0.682805052	0.741680915
2017/3/21	9.1	0.556275676	0.472655063	0.57968419	0.536419368
2017/3/22	9.8	0.532994891	0.497126626	0.482318966	0.566948559
2017/3/23	9.7	0.652354918	0.596537526	0.548599959	0.576391267
2017/3/24	8.5	0.628140626	0.541616198	0.507831529	0.536465105
2017/3/25	7.8	0.755852537	0.636206978	0.504737352	0.539528679
2017/3/26	5.9	0.502833915	0.580763672	0.523793872	0.405883608
2017/3/27	5	0.463625938	0.453375262	0.431190042	0.402589808
2017/3/28	8.6	0.552574651	0.615684046	0.474650852	0.476238844
2017/3/29	9.1	0.639891112	0.702278715	0.524026629	0.562031282
2017/3/30	11.9	0.70039202	0.843535277	0.598732829	0.649402115
2017/3/31	8.8	0.626417261	0.591336624	0.515220324	0.485529323
2017/4/1	6.3	0.718758031	0.597609392	0.646973632	0.749263524
2017/4/2	8.7	0.898891509	0.815066989	0.850181533	0.81338302
2017/4/3	9.9	1.264403927	0.971214925	1.13745259	0.954635195
2017/4/4	11.2	0.979758435	0.736565575	0.869582714	0.924823178
2017/4/5	14.7	1.086289844	1.044478311	1.002634159	1.126882402
2017/4/6	16.7	1.220760054	0.916601525	0.999646012	1.194787552
2017/4/7	17.5	1.033502516	0.817369855	0.86073732	1.279609837
2017/4/8	15.3	0.934907198	0.890309113	0.883215581	1.348402249
2017/4/9	13.8	0.822692924	0.695536013	0.814756358	1.12167713
2017/4/10	10.4	0.823624491	0.628052866	0.795335074	0.975278833
2017/4/11	8.5	0.770327493	0.514969376	0.661044035	0.755119456
2017/4/12	14.3	0.611110538	0.593082717	0.716139924	0.695495422
2017/4/13	12.3	0.865265131	0.740598793	0.885838765	0.921451581
2017/4/14	15	0.924730699	0.857067212	0.923480635	0.791319762
2017/4/15	18.6	0.958597397	0.887693423	1.024939872	1.027035807
2017/4/16	18.9	1.536638355	1.42175506	1.512863766	1.080034947
2017/4/17	18.3	1.295967462	1.207295455	1.325161437	0.990362294
2017/4/18	20	0.879764666	0.81445675	0.883616872	0.941326259
2017/4/19	18	1.217501137	0.866627059	0.987341849	0.997637846
2017/4/20	15.7	1.17438034	0.947304433	1.009258393	0.738498073
2017/4/21	15.6	0.85716046	0.830081993	0.891805643	0.811845099
2017/4/22	14.3	0.962153454	0.92074976	0.945956901	0.738734677
2017/4/23	13.6	0.996718358	0.79472071	0.926978919	0.749559278
2017/4/24	14.5	0.921193575	0.925189196	1.041277713	0.762099253
2017/4/25	16	1.009828697	0.791364904	0.843803992	0.605763618
2017/4/26	16.9	0.981085151	0.753760314	0.84824991	0.747074943
2017/4/27	14.7	0.854487508	0.729855952	0.732301315	0.744117402
2017/4/28	15.9	0.972823951	0.94421471	0.857017799	0.699044472
2017/4/29	16.2	0.85376435	0.711244724	0.875378483	0.702002013
2017/4/30	17.8	0.955967898	0.968912268	1.149194114	0.575005188
